{
  "project_info": {
    "project_number": "364935547169",
    "project_id": "diary-of-emotions-2",
    "storage_bucket": "diary-of-emotions-2.firebasestorage.app"
  },
  "client": [
    {
      "client_info": {
        "mobilesdk_app_id": "1:364935547169:android:e2e706ae75e84e5b805660",
        "android_client_info": {
          "package_name": "com.example.diaryofemotions"
        }
      },
      "oauth_client": [],
      "api_key": [
        {
          "current_key": "AIzaSyCXsEeQAwIRUoXwHTpw2-4X1pkyY4QA7Sc"
        }
      ],
      "services": {
        "appinvite_service": {
          "other_platform_oauth_client": []
        }
      }
    }
  ],
  "configuration_version": "1"
}